{
  "deck area" : [10, 70, -10, -80, 0, 0, 0.75, 1.0],
  "search area" : [10, 220, -20, -230, 0.75, 0, 0.25, 1.0],
  "search count" : [3, 6],
  "fovy" : 0.8,
  "near" : 0.1,
  "far" : 100.0,
  "angle" : 0.7,
  "radius" : 7.3,
  "xoffset" : 0.1,
  "yoffset" : 0.2,
  "handmin" : -2.08,
  "handmax" :  2.08,
  "handy1" : -2.70,
  "handy2" :  3.00,
  "card" : [0, 0, 0.4827586, 0.70],
  "icon" : [0, 0, 0.4827586, 0.70],
  "mzone1" : [-1.68, -1.00, 0.80, 0.80],
  "mzone2" : [-0.84, -1.00, 0.80, 0.80],
  "mzone3" : [-0.00, -1.00, 0.80, 0.80],
  "mzone4" : [ 0.84, -1.00, 0.80, 0.80],
  "mzone5" : [ 1.68, -1.00, 0.80, 0.80],
  "szone1" : [-1.68, -1.84, 0.60, 0.80],
  "szone2" : [-0.84, -1.84, 0.60, 0.80],
  "szone3" : [-0.00, -1.84, 0.60, 0.80],
  "szone4" : [ 0.84, -1.84, 0.60, 0.80],
  "szone5" : [ 1.68, -1.84, 0.60, 0.80],
  "fdzone" : [-2.62, -0.66, 0.60, 0.80],
  "pzonel" : [-2.42, -1.50, 0.60, 0.80],
  "pzoner" : [ 2.42, -1.50, 0.60, 0.80],
  "mdeck" : [2.62, -2.34, 0.60, 0.80],
  "exdeck" : [-2.62, -2.34, 0.60, 0.80],
  "grave" : [2.62, -0.66, 0.60, 0.80],
  "banish" : [ 3.26, -0.66, 0.60, 0.80]
}
