{
  "deck area" : [10, 70, -10, -80, 0, 0, 0.75, 1.0],
  "search area" : [10, 170, -20, -180, 0.75, 0, 0.25, 1.0],
  "search count" : [3, 5],
  "fovy" : 0.8,
  "near" : 0.1,
  "far" : 100.0,
  "angle" : 0.7,
  "radius" : 7.3,
  "xoffset" : 0.1,
  "yoffset" : 0.2,
  "handmin" : -2.08,
  "handmax" :  2.08,
  "handy1" : -2.70,
  "handy2" :  3.00,
  "card" : [-0.2413793, 0.35, 0.4827586, 0.70],
  "icon" : [0, 0, 0.4827586, 0.70],
  "mzone1" : [-1.68, -1.00, 0.80, 0.80],
  "mzone2" : [-0.84, -1.00, 0.80, 0.80],
  "mzone3" : [-0.00, -1.00, 0.80, 0.80],
  "mzone4" : [ 0.84, -1.00, 0.80, 0.80],
  "mzone5" : [ 1.68, -1.00, 0.80, 0.80],
  "szone1" : [-1.68, -1.84, 0.60, 0.80],
  "szone2" : [-0.84, -1.84, 0.60, 0.80],
  "szone3" : [-0.00, -1.84, 0.60, 0.80],
  "szone4" : [ 0.84, -1.84, 0.60, 0.80],
  "szone5" : [ 1.68, -1.84, 0.60, 0.80],
  "fdzone" : [-2.62, -0.66, 0.60, 0.80],
  "pzonel" : [-2.42, -1.50, 0.60, 0.80],
  "pzoner" : [ 2.42, -1.50, 0.60, 0.80],
  "mdeck" :  [ 2.62, -2.34, 0.60, 0.80],
  "exdeck" : [-2.62, -2.34, 0.60, 0.80],
  "grave" :  [ 2.62, -0.66, 0.60, 0.80],
  "banish" : [ 3.26, -0.66, 0.60, 0.80],
  "direct attack" : [-0.00, -2.68],
  "attack icon size" : [0.4, 0.70],
  "avatar1" : [[10, 0.0, -210, 1.0], [210, 0.0, -210, 1.0], [10, 0.0, -10, 1.0], [210, 0.0, -10, 1.0]],
  "avatar2" : [[-210, 1.0, 10, 0.0], [-10, 1.0, 10, 0.0], [-210, 1.0, 210, 0.0], [-10, 1.0, 210, 0.0]],
  "lpbar1" : [[220, 0.0, -50, 1.0], [820, 0.0, -50, 1.0], [220, 0.0, -10, 1.0], [820, 0.0, -10, 1.0]],
  "lpbar2" : [[-220, 1.0, 10, 0.0], [-820, 1.0, 10, 0.0], [-220, 1.0, 50, 0.0], [-820, 1.0, 50, 0.0]],
  "lpval1" : [520, 0.0, -30, 1.0, 20, 30, 0.0],
  "lpval2" : [-520, 1.0, 30, 0.0, 20, 30, 0.0],
  "lpchange1" : [0, 0.5, -300, 1.0, 70, 100, 0.0],
  "lpchange2" : [0, 0.5, 300, 0.0, 70, 100, 0.0],
  "show card" : [0, 0, 0.5, 0.5, 200, 290, 0.0, 0.0],
  "neg param" : [0, -15, 0.5, 0.5, 400, 400, 0.0, 0.0, 150, 150, 0.0, 0.0],
  "activate param" : [0.3, 1.0, 0.1, 1.2, "0xffffffff", "0xffffffff"],
  "chain param" : [0.5, 0.5, 0.2, 0.2, "0xffffffe0", "0xffff00ff"],
  "set param" : [0.1, 1.5, "0xffffffff"],
  "flip param" : [0.1, 1.2, "0xffffffff"],
  "summon param" : [0.5, 1.0, 0.1, 0.1, 0.1, 0.4, 0.6, "0xffffffff"],
  "spsummon param" : [0.5, 1.0, 0.5, 0.1, 0.1, 0.4, 0.7, "0xffffffff"]  
}
